{ "compressionlevel":-1,
 "height":12,
 "infinite":false,
 "layers":[
        {
         "data":[592, 592, 592, 592, 592, 592, 592, 592, 592, 592, 592, 592, 592, 592, 592, 592, 592, 592, 592, 592, 592, 592, 592, 592, 592, 592, 592, 592, 592, 592, 592, 592, 592, 592, 592, 592, 592, 592, 592, 592, 592, 592, 592, 592, 592, 592, 592, 592, 592, 592, 592, 592, 592, 592, 592, 592, 592, 592, 592, 592, 592, 592, 592, 592, 592, 592, 592, 592, 592, 592, 592, 592, 592, 592, 592, 592, 592, 592, 592, 592, 592, 592, 592, 592, 592, 592, 592, 592, 592, 592, 592, 592, 592, 592, 592, 592, 592, 592, 592, 592, 592, 592, 592, 592, 592, 592, 592, 592, 592, 592, 592, 592, 592, 592, 592, 592, 592, 592, 592, 592],
         "height":12,
         "id":1,
         "name":"Tile Layer 1",
         "opacity":1,
         "type":"tilelayer",
         "visible":true,
         "width":10,
         "x":0,
         "y":0
        }, 
        {
         "data":[0, 0, 0, 7, 0, 0, 0, 0, 0, 0,
                 0, 0, 0, 0, 0, 0, 0, 4412, 0, 0,
                 0, 0, 0, 0, 4412, 0, 0, 0, 0, 0,
                 0, 0, 0, 0, 0, 0, 0, 0, 0, 0,
                 0, 0, 0, 4409, 0, 0, 0, 0, 0, 0,
                 0, 0, 0, 0, 0, 0, 0, 7, 0, 0,
                 0, 7, 0, 0, 0, 0, 0, 0, 0, 0,
                 0, 0, 0, 0, 0, 0, 0, 4412, 0, 0,
                 0, 0, 0, 0, 0, 0, 0, 0, 0, 0,
                 0, 0, 0, 0, 0, 0, 0, 0, 4410, 0,
                 4412, 0, 0, 0, 0, 7, 0, 0, 0, 0,
                 0, 0, 0, 0, 0, 0, 0, 0, 0, 715],
         "height":12,
         "id":2,
         "name":"Tile Layer 2",
         "opacity":1,
         "type":"tilelayer",
         "visible":true,
         "width":10,
         "x":0,
         "y":0
        }],
 "nextlayerid":3,
 "nextobjectid":1,
 "orientation":"orthogonal",
 "renderorder":"right-down",
 "tiledversion":"1.7.2",
 "tileheight":32,
 "tilesets":[
        {
         "firstgid":1,
         "source":"Atlas.json"
        }],
 "tilewidth":32,
 "type":"map",
 "version":"1.6",
 "width":10
}
